
INSERT INTO regiones (id, nombre) VALUES (1,'Sudamérica');
INSERT INTO regiones (id, nombre) VALUES (2,'Centroamérica');
INSERT INTO regiones (id, nombre) VALUES (3,'Norteamérica');
INSERT INTO regiones (id, nombre) VALUES (4,'Europa');
INSERT INTO regiones (id, nombre) VALUES (5,'Asia');
INSERT INTO regiones (id, nombre) VALUES (6,'Africa');
INSERT INTO regiones (id, nombre) VALUES (7,'Oceanía');
INSERT INTO regiones (id, nombre) VALUES (8,'Antártida');



INSERT INTO clientes (region_id, nombre, apellido,email,create_at) VALUES (1, 'Juan','perez','juan@mail.com','2019-03-27');
INSERT INTO clientes (region_id, nombre, apellido,email,create_at) VALUES (2, 'Leon','perez','leon@mail.com','2019-03-27');
INSERT INTO clientes (region_id, nombre, apellido,email,create_at) VALUES (3,'Vilma','perez','vilma@mail.com','2019-03-27');
INSERT INTO clientes (region_id, nombre, apellido,email,create_at) VALUES (4, 'hernando','perez','hernando@mail.com','2019-03-27');
INSERT INTO clientes (region_id, nombre, apellido,email,create_at) VALUES (5, 'pepito','perez','pepito@mail.com','2019-03-27');
INSERT INTO clientes (region_id, nombre, apellido,email,create_at) VALUES (6, 'David','perez','David@mail.com','2019-03-27');
INSERT INTO clientes (region_id, nombre, apellido,email,create_at) VALUES (7, 'elias','perez','elias@mail.com','2019-03-27');
INSERT INTO clientes (region_id, nombre, apellido,email,create_at) VALUES (2, 'Jesus','perez','Jesus@mail.com','2019-03-27');
INSERT INTO clientes (region_id, nombre, apellido,email,create_at) VALUES (4, 'domingo','perez','domingo@mail.com','2019-03-27');
INSERT INTO clientes (region_id, nombre, apellido,email,create_at) VALUES (8, 'luffy','perez','luffy@mail.com','2019-03-27');
INSERT INTO clientes (region_id, nombre, apellido,email,create_at) VALUES (1, 'luffytaro','perez cortez','luffy2@mail.com','2019-03-27');
INSERT INTO clientes (region_id, nombre, apellido,email,create_at) VALUES (3, 'luffy2','perez','luffy3@mail.com','2019-03-27');
INSERT INTO clientes (region_id, nombre, apellido,email,create_at) VALUES (5, 'luffy3','perez','luffy4@mail.com','2019-03-27');
INSERT INTO clientes (region_id, nombre, apellido,email,create_at) VALUES (6, 'luffy4','perez','luffy5@mail.com','2019-03-27');
INSERT INTO clientes (region_id, nombre, apellido,email,create_at) VALUES (7, 'luffy5','perez','luffy6@mail.com','2019-03-27');
INSERT INTO clientes (region_id, nombre, apellido,email,create_at) VALUES (3, 'luffy6','perez','luffy7@mail.com','2019-03-27');
INSERT INTO clientes (region_id, nombre, apellido,email,create_at) VALUES (5, 'luffy7','perez','luffy8@mail.com','2019-03-27');
INSERT INTO clientes (region_id, nombre, apellido,email,create_at) VALUES (2, 'luffy45','perez','luffy9@mail.com','2019-03-27');
INSERT INTO clientes (region_id, nombre, apellido,email,create_at) VALUES (5, 'luffy45','perez','luffy12@mail.com','2019-03-27');
INSERT INTO clientes (region_id, nombre, apellido,email,create_at) VALUES (8, 'luffy54','perez','luffy22@mail.com','2019-03-27');
INSERT INTO clientes (region_id, nombre, apellido,email,create_at) VALUES (4, 'luffy45','perez','luffy21@mail.com','2019-03-27');
INSERT INTO clientes (region_id, nombre, apellido,email,create_at) VALUES (1, 'luffy54','perez','luffy122@mail.com','2019-03-27');
INSERT INTO clientes (region_id, nombre, apellido,email,create_at) VALUES (1, 'luffy45','perez','luffy232@mail.com','2019-03-27');
INSERT INTO clientes (region_id, nombre, apellido,email,create_at) VALUES (1, 'luffy45','perez','luffy234@mail.com','2019-03-27');
INSERT INTO clientes (region_id, nombre, apellido,email,create_at) VALUES (4, 'luffy45','perez','luffy231@mail.com','2019-03-27');
INSERT INTO clientes (region_id, nombre, apellido,email,create_at) VALUES (5, 'luffy4','perez','luffy432@mail.com','2019-03-27');
INSERT INTO clientes (region_id, nombre, apellido,email,create_at) VALUES (5, 'luffy4','perez','luffy12312@mail.com','2019-03-27');
INSERT INTO clientes (region_id, nombre, apellido,email,create_at) VALUES (3, 'luffy4','perez','luffy123@mail.com','2019-03-27');
INSERT INTO clientes (region_id, nombre, apellido,email,create_at) VALUES (6, 'luffy43','perez','luffy554@mail.com','2019-03-27');
INSERT INTO clientes (region_id, nombre, apellido,email,create_at) VALUES (2, 'luffy4','perez','luffy434@mail.com','2019-03-27');
INSERT INTO clientes (region_id, nombre, apellido,email,create_at) VALUES (5, 'luffy','perez','luffy43@mail.com','2019-03-27');
INSERT INTO clientes (region_id, nombre, apellido,email,create_at) VALUES (2, 'luffy','perez','luffy3434@mail.com','2019-03-27');
INSERT INTO clientes (region_id, nombre, apellido,email,create_at) VALUES (6, 'luffy','perez','luffy343889@mail.com','2019-03-27');
INSERT INTO clientes (region_id, nombre, apellido,email,create_at) VALUES (7, 'luffy','perez','luffy343@mail.com','2019-03-27');
INSERT INTO clientes (region_id, nombre, apellido,email,create_at) VALUES (8, 'luffy','perez','luffy346@mail.com','2019-03-27');
INSERT INTO clientes (region_id, nombre, apellido,email,create_at) VALUES (2, 'luffy','perez','luffy66@mail.com','2019-03-27');
INSERT INTO clientes (region_id, nombre, apellido,email,create_at) VALUES (4, 'luffy','perez','luffy65@mail.com','2019-03-27');
INSERT INTO clientes (region_id, nombre, apellido,email,create_at) VALUES (7, 'luffy','perez','luffy45@mail.com','2019-03-27');
INSERT INTO clientes (region_id, nombre, apellido,email,create_at) VALUES (3, 'luffy','perez','luffygg34@mail.com','2019-03-27');
INSERT INTO clientes (region_id, nombre, apellido,email,create_at) VALUES (2, 'luffy','perez','luffy5443@mail.com','2019-03-27');
INSERT INTO clientes (region_id, nombre, apellido,email,create_at) VALUES (1, 'luffy','perez','luffy3223@mail.com','2019-03-27');
INSERT INTO clientes (region_id, nombre, apellido,email,create_at) VALUES (6, 'luffy','perez','luffy34333@mail.com','2019-03-27');

/*creamos algunos usuarios*/
INSERT INTO usuarios (username, password, enabled, nombre, apellido, email) VALUES ('yamid','$2a$10$BQTIic/3WycpYZnjZtCCcOqvCjpsYtyZsa3q20HpDPKlRXzBNiXoa',1,'yamid','cueto','ycueto0@misena.edu.co');
INSERT INTO usuarios (username, password, enabled, nombre, apellido, email) VALUES ('admin','$2a$10$xUQQEHf585VH0qxePGPhTu8u8BO4t1IKDMePJu2T0ChI7QZuGnHCq',1,'admin','administrador','admin@mail.co');

INSERT INTO roles (nombre) VALUES ('ROLE_USER');
INSERT INTO roles (nombre) VALUES ('ROLE_ADMIN');

INSERT INTO usuarios_roles (usuario_id, roles_id) VALUES (1, 1);
INSERT INTO usuarios_roles (usuario_id, roles_id) VALUES (2, 2);
INSERT INTO usuarios_roles (usuario_id, roles_id) VALUES (2, 1);